INSERT INTO status (sid, name)
VALUES (0, 'Closed'),
(1, 'Open'),
(2, 'Temporarily Closed');

INSERT INTO location (lid, city, country)
VALUES (1, 'Delhi', 'India'),
(2, 'Bangalore', 'India');

INSERT INTO users (uid, name, username, password)
VALUES (0, 'Admin', 'admin', 'superkey');


INSERT INTO restaurants (id, name, address, phone, website, latitude, longitude, status, location, owner_id)
VALUES (50, 'Fujiya', '12/48 Malcha Marg Market Chanakyapuri New Delhi 0 IN', '+911126876059', 'http://www.fujiya.co.in', 28.6015914075, 77.1860203519, 1, 1, 0),
(55, 'Berco''s', 'E-42 & 43 Inner Circle Connaught Place New Delhi 0 IN', '+911143751100', 'http://bercos.net.in/', 28.6322353481, 77.2211408615, 1, 1, 0),
(60, 'Colonel''s Kababz', '29 Defence Colony Market Defence Colony New Delhi 0 IN', '+911124333124', 'http://www.colonelkababz.com/', 28.5739736550, 77.2305366397, 1, 1, 0),
(65, 'Drums of Heaven', 'S 14 Green Park Extension Green Park New Delhi 0 IN', '+911141682882', 'https://www.facebook.com/drumsofheaven1/', 28.5580859668, 77.2061157972, 1, 1, 0),
(66, 'Embassy', '11-D Connaught Place New Delhi 0 IN', '+911123416434', 'http://www.embassyrestaurant.in/', 28.6335401615, 77.2213534266, 1, 1, 0),
(67, 'Fa Yian', 'A 25/5 Middle Circle Connaught Place New Delhi 0 IN', '+919899358888', 'http://www.fayian.com/', 28.6327827008, 77.2172761336, 1, 1, 0),
(69, 'Chungwa', 'M-34 M Block Market Greater Kailash (GK) 2 New Delhi 110048 IN', '+911143538777', 'http://chungwarestaurant.com/', 28.5341696730, 77.2431329638, 1, 1, 0),
(73, 'Ichiban', '9 Pandara Road Market New Delhi 0 IN', '+919212727133', 'http://www.ichiban-newdelhi.com/', 28.6080768913, 77.2297148779, 1, 1, 0),
(89, 'Naivedyam', 'Shop 1 Hauz Khas Village New Delhi 0 IN', '+911141754984', 'http://www.naivedyamfoods.com', 28.5550247604, 77.1950999647, 1, 1, 0),
(103, 'Veg Gulati', '8 Pandara Road Market New Delhi 110003 IN', '+911123388830', 'http://www.veggulatirestaurant.com', 28.6078072717, 77.2298838571, 1, 1, 0),
(112, 'Lotus Pond', 'K-185 Surai Jullena New Friends Colony New Delhi 0 IN', '+91126839526', 'http://lotusponddelhi.com/', 28.5616465133, 77.2704019770, 1, 1, 0),
(121, 'Kwality', '7 Regal Building Connaught Place New Delhi 0 IN', '+911123742310', 'http://www.kwalitygroup.com/', 28.6296091928, 77.2169831023, 1, 1, 0),
(125, 'Minar', 'L-11 Outer Circle Connaught Place New Delhi 0 IN', '+911123416259', NULL, 28.6346848762, 77.2217993438, 1, 1, 0),
(132, 'Moti Mahal Delux', 'M 30 M Block Market Greater Kailash 1 (GK 1) New Delhi 0 IN', '+911129230480', 'http://motimahal.in/', 28.5494404432, 77.2362889722, 1, 1, 0),
(134, 'Moti Mahal Delux', '11 Defence Colony Market Defence Colony New Delhi 0 IN', '+911124330263', 'http://motimahal.in/', 28.5736939370, 77.2300585359, 1, 1, 0),
(141, 'The Golden Dragon', 'O-13 Lajpat Nagar 2 New Delhi 0 IN', '+911141725200', 'http://www.goldendragonindia.com', 28.5670926709, 77.2467214242, 1, 1, 0),
(143, 'Domino''s Pizza', 'M-42 Connaught Place New Delhi 0 IN', '+911147114500', 'http://www.dominos.co.in/', 28.6319284174, 77.2227421403, 1, 1, 0),
(147, 'Subway', 'M 57 1st Floor M Block Market Greater Kailash (GK) 1 New Delhi 0 IN', '+911164642014', 'http://www.subway.com/en-IN', 28.5504909489, 77.2348734364, 1, 1, 0),
(148, 'Subway', '3 Satyam Cineplex Nehru Place New Delhi 0 IN', '+911146548444', 'http://www.subway.com/en-IN', 28.5502891541, 77.2510070801, 1, 1, 0),
(149, 'Subway', '54 The India Mall Community Centre New Friends Colony New Delhi 0 IN', '+911141408375', 'http://www.subway.com/en-IN', 28.5615266623, 77.2686618939, 1, 1, 0),
(154, 'Subway', '8-C Khan Market New Delhi 0 IN', '+911141757605', 'http://www.subway.com/en-IN', 28.5996038546, 77.2261126712, 1, 1, 0),
(19003045, 'Snow''ora', '65 MM Road Near Ismail Sait Mosque Frazer Town Bangalore IN', '+919739700066', NULL, 13.0005794407, 77.6152649894, 1, 2, 0),
(19003076, 'The Malgudi Days', '284 15th E A Cross Yelahanka Bangalore 560064 IN', '+9173348834097', NULL, 12.9133330000, 77.6050000000, 1, 2, 0),
(19003105, 'Kosta Kitchen', 'Site 57 30 Flat 1O4 Sai Prtya Elite 16th Cross Neeladri Road Electronic City Bangalore IN', '+918217527476', NULL, 12.8406540000, 77.6454770000, 1, 2, 0),
(19003155, 'Bambay Chats', 'Ayyappa Nagar Near Apollo Pharmacy KR Puram Bangalore 560036 IN', '+918050511490', NULL, 13.0046330000, 77.7135460000, 1, 2, 0),
(19003193, 'My Chocolate Hut', '15/A PNM Complex 80 Ft Road Opposite Masjid Ashwath Nagar RMV 2nd Stage New BEL Road Bangalore IN', '+919611122779', NULL, 13.0268638823, 77.5783309713, 1, 2, 0),
(19003301, '7 Momoos', '23 1st Main 7th Cross 2nd Stage BTM Bangalore 560076 IN', '+918884554084', NULL, 12.9135023987, 77.6032694802, 1, 2, 0),
(19003701, 'The Sweet Tooth', '17 Whitefield Boulevard Seegahalli Whitefield Bangalore IN', '+919980208015', NULL, 13.0112860000, 77.7622170000, 1, 2, 0),
(19003769, 'JMJ Biriyani Mane', '25 Jalahalli Village Beside Jalahalli BEL Colony Jalahalli Bangalore 560013 IN', '+919060465023', NULL, 13.0479885892, 77.5497527048, 1, 2, 0),
(19003856, 'Momkhatai', '23 A Patel Ram Reddy Road KR Colony 1st Stage Domlur Bangalore IN', '+919886783896', 'http://WWW.MOMOKHATAI.COM', 12.9563530000, 77.6365640000, 1, 2, 0),
(19003877, 'Giridhari''s', '1st Block HBR Layout Bangalore IN', '+919840042266', NULL, 13.0191120000, 77.6270320000, 1, 2, 0),
(19003901, 'Fillers', '196 Arekere Opposite Mantri Paradise Appartment Bannerghatta Road Bangalore IN', '+919663577118', NULL, 12.8911825500, 77.5972194600, 1, 2, 0),
(19003906, 'SLR Thaja Thindi', '59 3rd A Cross Jnana Jyoti Nagar Ullal Main Road Kengeri Bangalore IN', '+919632119146', NULL, 12.9517768129, 77.4975974858, 1, 2, 0),
(19003917, 'Choco Pinch', '28/1 MD Block 3rd Cross 8th Main Malleshwaram Bangalore IN', '+919886878787', NULL, 13.0086934419, 77.5549518317, 1, 2, 0),
(19003923, 'Sankranti Refreshments', '112/A 38th Cross 10th Main 2nd Block Rajajinagar Bangalore IN', '+919535251222', NULL, 12.9907039662, 77.5560424849, 1, 2, 0),
(19003929, 'Alfhams N Kabab', '100 YMR Complex Jayanthi Nagar Near Horamavu BBMP Office Banaswadi Bangalore IN', '+919739982059', NULL, 13.0078016269, 77.6520702615, 1, 2, 0),
(19003970, 'Daana Paani', '1213 Ground Floor 9th Cross Ananthnagar Phase 2 Electronic City Bangalore IN', '+918368326248', NULL, 12.8352590000, 77.6935270000, 1, 2, 0),
(19004027, 'Papanna''s Biriyani', '22/D 1ST A Main Road Yelahanka Bangalore IN', '+917760888562', NULL, 13.0993435483, 77.5845590606, 1, 2, 0),
(19004080, 'Kulfi House', '1528 6th Main 60 Feet Road Gidadakonenahalli Srigandhad Kaval Annapurneshwari Nagar Nagarbhavi Bangalore IN', '+917829832124', NULL, 12.9707407776, 77.4967512488, 1, 2, 0),
(19004102, 'Donny''s Best Biryani', '93 Upadhyayara Sangha Layout Nagarbhavi Main Road Nagarbhavi Circle Nagarbhavi Bangalore IN', '+919980859896', NULL, 12.9587569981, 77.5190756097, 1, 2, 0),
(19004138, 'Dolfin Multi Cuisine Family Restaurant', '2728/1 New Airport Road Kodigahalli Gate Sahakara Nagar Bangalore 560092 IN', '+918041313456', 'https://www.restaurantdolfin.com', 13.0590412000, 77.5930159000, 1, 2, 0),
(19004148, 'Ammana Mane Donne Biriyani', '92/1 22nd Cross 2nd Main Road Vijay Nagar Bangalore IN', '+919164312143', NULL, 12.9772796956, 77.5360080600, 1, 2, 0),
(19004160, 'Shakes And Scoops', 'Near Best E City Hospital Doddathoguru Electronic City Bangalore 560100 IN', '+919164247999', NULL, 12.8505950000, 77.6575216700, 1, 2, 0),
(19004202, 'Shetty Lunch Home', '102-226 9th Main Road 5th Block Jayanagar Bangalore IN', '+919986896336', NULL, 12.9206467219, 77.5838382170, 1, 2, 0),
(19004339, 'Onesta', '1st Floor Rachenahalli Main Road P&T Layout Thanisandra Nagawara Bangalore 560045 IN', '+918406010401', NULL, 13.0563417478, 77.6307456940, 1, 2, 0),
(19004425, 'Jonne Briyani 1+1=3', '153 28th Main 3rd Cross 1st Stage BTM Bangalore IN', '+919591404911', NULL, 12.9317170000, 77.6097940000, 1, 2, 0),
(19004451, 'Cool Cane Blast', 'Raghavendra Circle Raghavendra Nagar Rammurthy Nagar Bangalore IN', '+918861469341', NULL, 13.0200459992, 77.6747563854, 1, 2, 0),
(19004515, 'Arabian Corner', '2 Bethal Nagar Kodigehalli Main Road Basavanapura KR Puram Bangalore IN', '+919901430510', NULL, 13.0045500000, 77.7163530000, 1, 2, 0),
(19004555, 'Naati Ruchi', 'Aishwarya Crystal Layout Begur Electronic City Bangalore IN', '+919886070543', NULL, 12.9889861967, 77.5750697404, 1, 2, 0),
(19004937, 'Lassi Pot', '2 1st Main Road Maruthi Nagar 1st Stage BTM Bangalore IN', '+919108103251', NULL, 12.9265066006, 77.6156539097, 1, 2, 0),
(19005017, 'Masti Cafe', 'GT World Mall 3rd Floor Food Court Near Prasanna Theatre Magadi Road Bangalore IN', '+917899234552', NULL, 12.9739236780, 77.5515849888, 1, 2, 0),
(19005097, 'Delhite Food', '19th Cross 7th Main Near MedPlus Stage 2 BTM Bangalore IN', '+917899987436', NULL, 12.9072879591, 77.6071462780, 1, 2, 0),
(19005224, 'Annaporna Thaindi Mane', '12 Singanayakana Halli Main Road Yelahanka Bangalore IN', '+918296092263', NULL, 13.1449252966, 77.5696221739, 1, 2, 0),
(19005270, 'Sri Udupi Grand Pure Veg', 'Opposite Bus Stop Doddaballapura Main Road Yelahanka Bangalore IN', '+919880401002', NULL, 13.1711852103, 77.5643476099, 1, 2, 0),
(19005292, 'XO Cafe', '1215 100 Feet Road HAL 2nd Stage Doopanahalli Indiranagar Bangalore IN', '+918883840424', NULL, 12.9666080000, 77.6385143000, 1, 2, 0),
(19005293, 'Andhra House', 'Pyramid Food Court Embassy Golf Links Intermediate Ring Road Domlur Bangalore IN', '+919980836222', NULL, 12.9492971000, 77.6435633000, 1, 2, 0),
(19005348, 'Bismilla Star Biriyani', 'Shop 144 B T Krishnappa Building Abbigere Main Road Jalahalli Bangalore IN', '+919036142933', NULL, 13.0560889525, 77.5328608230, 1, 2, 0),
(19005370, 'Annapoorneshwari Dosa Corner', '149 2nd Main Road RSBS layout Annapoorneshwari Nagar Nagarbhavi Bangalore IN', '+919740321816', NULL, 12.9801168543, 77.5067558885, 1, 2, 0),
(19005413, 'Ambur Chicken Biryani', 'Near Mahendra Apartment 5 Wipro Gate 7 Shikaripalya Electronic City Bangalore IN', '+917868075437', NULL, 12.8350450000, 77.6568520000, 1, 2, 0),
(19005606, 'The Hungry Hulk', '531 Teacher''s Colony Koramangala 1st Block Bangalore IN', '+917676866244', NULL, 12.9179549615, 77.6285948977, 1, 2, 0),
(19005677, 'Indian Chhota Samosa Garden', '307 3rd Door 2nd Floor 1st Main Near Asus Service Center Koramangala 1st Block Bangalore IN', '+918123714878', NULL, 12.9282015000, 77.6370850000, 1, 2, 0),
(19005699, 'Hotel Kalavara', '275 Nehru Road St Thomas Town Kammanahalli Bangalore IN', '+917012630848', NULL, 13.0150010000, 77.6324380000, 1, 2, 0),
(19005749, 'KVR Spice Garden', '38 Outer Ringroad Opposite Dell EMC Mahadevpura Marathahalli Bangalore IN', '+918880444666', NULL, 12.9813158740, 77.6932837442, 1, 2, 0),
(19005773, 'Amul Ice Cream Parlour', '34 5th Cross Jai Jawan Nagar Subanapalaya Banaswadi Bangalore IN', '+919980590822', NULL, 13.0071486073, 77.6427063346, 1, 2, 0),
(19006047, 'Hotel Aasare', '17-1 MEC Road Marappanapalya Yeshwantpur Bangalore 560022 IN', '+918023475678', NULL, 13.0191819910, 77.5510864332, 1, 2, 0),
(19006068, 'Basmati''s Briyani Nation', '35/4 24th Main 7th Phase Puttenahalli JP Nagar Bangalore IN', '+916364739993', NULL, 12.8930790704, 77.5862159953, 1, 2, 0),
(19006131, 'Corner Bake', 'Banjara Layout Main Road Jayanti Nagar Horamavu Banaswadi Bangalore IN', '+918660420645', NULL, 13.0289919824, 77.6641777530, 1, 2, 0),
(19006135, 'Basmati''s Briyani Nation', '01 100 Feet Ring Road 1st Phase 2nd Stage BTM Bangalore IN', '+919108554618', NULL, 12.9164850527, 77.6043017954, 1, 2, 0),
(19006217, 'AL''a Scoops And Shakes', '3 2nd Main 2nd Cross Manjunatha Nagar Seegehalli Virgonagar Post Old Madras Road Bangalore 560049 IN', NULL, NULL, 13.0185500000, 77.7195990000, 1, 2, 0),
(19006346, 'Bhattru Hotel', '30/1 Gurudarshan Layout Vidyaranyapura New BEL Road Bangalore IN', '+919880106844', NULL, 13.0716513826, 77.5605274737, 1, 2, 0),
(19006379, 'Kolhapuri Chaats', '68 Anantha Sanjeevini Building 17th Main Road 8th Cross BTM Bangalore IN', '+919739084281', NULL, 12.9198111257, 77.6111940667, 1, 2, 0),
(19006389, 'Aruba''s Lucknowi Sheermal House', '24 Langford Road Opposite St. Joseph''s College Shanti Nagar Bangalore IN', '+917348842041', NULL, 12.9619606360, 77.5973076001, 1, 2, 0),
(19006402, 'Naga''s', 'RMZ Bullied Opposite Yelahanka Police Station Yelahanka Bangalore IN', '+918494888882', NULL, 13.0940755589, 77.5950055942, 1, 2, 0),
(19006412, 'Roll Er Dokaan', 'RMZ Building Opposite Yelahanka Police Station Yelahanka Bangalore IN', NULL, NULL, 13.0940327797, 77.5950035825, 1, 2, 0),
(19006414, 'Hotel Starbelly', '27 Sompura Gate Sarjapur Main Road Sarjapura Bengaluru IN', '+916364773520', NULL, 12.8623741103, 77.7716555446, 1, 2, 0),
(19006430, 'A Grand Restaurant', '13131/41 Lakshmi Towers Devasandra KR Puram Bangalore IN', '+919845237553', NULL, 13.0081170000, 77.6954090000, 1, 2, 0),
(19006480, 'Cauvery Biryani Mane', '17/18 1st Main KHB Colony Gandhi Nagar Yelahanka Bangalore IN', '+919900236698', NULL, 13.0971732757, 77.5969827175, 1, 2, 0),
(19006500, 'Babai Biryani Hotel', '39 Aiyaapanagar Main Road Near Krishna Community Hall KR Puram Bangalore IN', '+919500545339', NULL, 13.0031432298, 77.7127133310, 1, 2, 0),
(19006528, 'Karavali South', 'Opposite Shushpusha Hospital Main Road Old Town Yelahanka Bangalore IN', '+919901643545', NULL, 13.0999479949, 77.5979550183, 1, 2, 0),
(19006558, 'Nalabhima Restaurant', '25 Green Garden Layout Shirdi Sai Nagar Road Munnekolala Marathahalli Bangalore IN', '+917286888808', NULL, 12.9486900000, 77.7164790000, 1, 2, 0);